,input,output
0,-0.18796304368876002,-0.15875827784355812
1,-0.6595373149752985,-4.381233926550616
2,-0.10620235538692706,3.8095199551539043
3,0.769817768095708,18.20745543594704
4,0.44429759023860715,15.802907824759114
5,0.35511645815639376,6.924531294415696
6,0.8964966180479479,13.69840213162723
7,1.985145011850836,16.737615538784894
8,0.7937048363582023,13.091924774471165
9,0.1846335588958281,4.034680443618182
10,-0.9009078927570542,-10.279157847918427
11,-0.0028609983027182246,-0.3434338856477255
12,1.3494298509954703,13.006539117188789
13,-1.1799139649759256,-8.872345410091452
14,0.3034648484550414,0.26254626761880706
15,0.845731530088198,24.639710437924595
16,-0.7710122107182894,-6.203031278002652
17,0.877460047815784,3.7630903280361387
18,0.8544910787871149,16.129209015497665
19,0.01946860856197727,8.143809426032359
20,-1.50159979478431,-15.332861970934669
21,-0.5432512554218236,-10.903527527926155
22,0.44437073358037216,9.063883091772606
23,-0.3534894439954719,-1.1257697877258455
24,0.9411909920456779,16.65535896368553
25,-0.32698217652729034,-4.9052887077284435
26,0.9376420098578382,15.572671398579514
27,0.7219922872817717,8.584274295353392
28,-0.35409401864022283,-8.391993365937633
29,-0.561502489518206,-0.15835014270623837
30,0.512936540789837,5.4175716564493595
31,-0.7723350682206144,-6.654023408115851
32,-1.510661962137216,-21.12986472922954
33,1.643548387890881,27.50273363537942
34,-1.142738558090807,-11.966710726649962
35,1.1291214491993848,7.690698386833289
36,0.0528883078047584,-14.990440257545728
37,-1.1939259151662478,-13.119069468064266
38,1.1350077719826552,13.324766105721656
39,-0.5508070022223549,-5.934523134633757
40,-0.726589938003806,-1.925250966035577
41,0.31985261900780965,7.065837805015483
42,0.29893162590003414,0.42965602959524896
43,0.08948242897507995,-1.3244308891937648
44,1.4921984846694292,8.267674945707038
45,-0.6623644307825484,-3.1673196369597534
46,-2.1590748567470732,-22.076078847906896
47,-1.3173421327166168,-10.004870950208598
48,-0.19573158646455693,-5.460778934799471
49,1.117022802344852,15.837346713813915
50,0.497186720210695,8.383306963309241
51,1.6959162491376008,25.04340269582662
52,0.4482692752315672,3.9227234385618646
53,0.8079949325269997,12.832808127586228
54,0.8175965788989336,14.904879881078056
55,0.41702136255489103,4.467412037859989
56,1.7706676769068848,22.028424200714337
57,0.40015182994741877,6.922344736522296
58,-1.0726521522883992,-15.535974688743185
59,2.3271459710699904,32.667336384037625
60,0.7262492898137884,17.103799192806754
61,-1.393764587251988,-17.12441613159142
62,0.4320531397922003,-0.11443513004482853
63,-0.5545506972879646,-9.617023833880218
64,-0.20695625516105856,-2.3227495875930684
65,0.13015566277043047,0.22571981337647995
66,-0.21189880839510614,-3.571747294022617
67,1.3896758810767094,32.24183823680242
68,0.14312871272960265,0.6394215497115376
69,-0.056100995861169865,-7.746094517733609
70,0.9668119347801436,2.025009085175663
71,0.7272800261940411,-5.4260722145411755
72,0.4667103151105405,-0.447191470959754
73,-0.117351435326988,-9.133058732420391
74,1.2262815689100948,25.846493572986788
75,0.4120214604682722,0.7104449374197728
76,-0.4209738074905599,-8.115162798462256
77,-0.3098612337528533,3.259378048497404
78,-0.19642566594647934,-5.963034727538928
79,-0.5139242554059987,-6.881293071636688
80,-0.2651415776646723,-11.727965837649549
81,0.8518310217086471,6.110388620738513
82,1.2586103379453488,14.927017023760598
83,1.2504779429631578,24.80496207013539
84,1.3212561321462777,21.40976662546059
85,1.2711742601479117,15.036877474215762
86,1.1552857848510079,11.115918596896007
87,0.4337140186783238,4.19359117501671
88,0.6926408982416754,2.7914720100752897
89,0.46027225125688737,-1.2663513276008835
90,-0.09085611983872979,-8.974463717284811
91,-0.18338774013533873,5.9802300647725755
92,0.3760624247786012,4.557042062875479
93,1.6266576614229538,19.035565285523276
94,0.5775711157375119,10.64736843103999
95,-1.4722808504250529,-27.520899591670528
96,0.16442189003133145,7.197377490357968
97,0.9982901185115545,-2.9046853027755812
98,-2.523147631978409,-27.970602533929178
99,0.7156450773106283,21.925693785880007
100,-0.2342551229801487,-3.993242642612023
101,-0.27884425427947307,-5.7498459399405295
102,-2.4457664822509657,-39.253625291834126
103,-1.0502538013249907,-10.609981959517931
104,-1.0085161461634014,-10.374594071588684
105,0.20884825605133361,-9.991104689748182
106,-0.3592153282418504,-2.132956943517457
107,-1.0642181729614317,-13.751852417309337
108,0.8410177520576007,13.212928459644148
109,1.12682526531976,9.24478613574356
110,0.9900580103443767,4.909491333632909
111,0.6948502017810633,10.435945028327973
112,1.3081772699566534,21.630819347678894
113,-0.2585416555393355,8.723870320163421
114,-0.3210774320587071,10.629467547320294
115,-0.9077842992490152,-13.20443575043685
116,-0.5053350339111656,8.31523776457938
117,-1.9712076102658764,-33.84687634464277
118,1.2190637181806319,22.09490340524328
119,-1.5918871852305227,-30.58205708614805
120,-0.03620543645488496,-2.325823911304363
121,-0.04082576735370874,0.3944671742551868
122,-0.6932644131826414,0.6957344960354543
123,1.8912768072711397,12.355917529234326
124,1.1294571530629856,15.02524419288681
125,-1.2605039099747957,-12.35331460347229
126,1.9716497667435304,21.283185373385095
127,-0.1943849963402353,1.459836153900778
128,-0.31289474148989244,-3.681887045410591
129,0.6574345810330321,-2.9559476964399582
130,0.8631282853682938,9.03941377846377
131,1.6717002777354442,20.180281232488056
132,0.3454113163833747,-0.8410600045800694
133,-0.5321204757917696,-3.474636265281614
134,-1.0748579114022165,-12.613376732875318
135,-1.726427681068105,-18.6317699392874
136,0.325826369718901,4.058061123710481
137,-0.8815053724212661,-7.5149753451289225
138,-1.456967745318007,-9.167572084147269
139,1.1734085451667569,21.760120426167518
140,0.5893746739240356,5.151197368838991
141,0.8479197178766,6.444886546843711
142,-1.16028670227776,-18.49923579992958
143,-0.09907577330403318,-1.7626439199204151
144,1.5847613792359803,10.016243515824513
145,1.5471038665304544,8.340103125789035
146,-0.451531792047155,0.49553982357630133
147,-0.47683100536779893,-10.764951457436348
148,-0.19890031547950449,-1.6380406315239533
149,-0.0872194208271447,0.9932388419814365
150,-0.5483122295774303,-12.392820881398617
151,0.547232494602281,12.445429085807072
152,-1.7880482119886383,-20.240264174309097
153,-0.26567338483342945,-6.628907710338945
154,1.0032491966091868,10.404250773166059
155,-1.0884897641484097,-10.466556531225608
156,-0.45854572797480553,-2.1952733914411953
157,-1.7204032516760988,-27.12398325305377
158,1.0082187512607563,17.35312820176692
159,-0.5231837282629561,4.995338958718878
160,-0.5600092066131319,-8.573838686114946
161,0.5821718886167918,3.2282654851478716
162,1.6379022141212016,18.451928067931306
163,0.6415319519486212,-0.39036998016566304
164,1.2398566198303946,19.299780698633814
165,0.09328111255908096,-1.38147845201125
166,-0.5480357734684937,-6.9084073258657686
167,-0.7688122567376614,-4.555006167439026
168,-1.3412172082989937,-13.807565378906563
169,-1.3403424218441937,-3.8104462409305775
170,-1.6051831916149966,-12.727562835954561
171,1.7350884488976388,26.604122590059546
172,-0.3957271844686305,-17.449233010748358
173,-0.035626378539582115,2.587267209966489
174,1.4239160827092017,19.27183355391803
175,0.8672028593693842,5.16430799524253
176,0.3126040307875649,10.985763709821468
177,0.5591591494425261,10.003173030697226
178,1.0866742923586734,4.834430825423063
179,2.1098167563605483,25.909898338415125
180,-0.7454958914467299,-10.864382296194252
181,-2.407980069970316,-30.539704420869512
182,-1.0585195108511793,-7.376974507371619
183,1.2309643139198894,1.9663668799531315
184,-1.4290531075092707,-8.882072568845459
185,-0.6983009890630409,-7.192066804352587
186,0.26649079975734336,7.272914006373725
187,0.8034892639097049,-5.7861297843667465
188,1.1445713634002224,8.80320020271617
189,0.14769788962490168,2.1088904769799472
190,0.6012694562705762,3.5576563424791603
191,0.3039532654339118,7.8890636082761345
192,-0.7206608286835896,-20.619685251911815
193,1.1830215571301756,19.656913400999805
194,1.64044356387523,12.705175436232436
195,1.935643774713683,26.251809956376547
196,-0.5399645818334735,-5.593107331462544
197,1.0314217056806876,10.93331705193856
198,-1.7433755251564869,-16.682355264402986
199,-0.00038431256769562357,-7.384163905202651
200,1.14068667883133,10.945410782952738
201,0.6391039108597367,-9.53358910562881
202,0.3858131597561794,3.765416931586596
203,0.5741696999458541,-7.121474240929478
204,-1.5061641759115119,-24.97042203694807
205,0.689400243893113,8.250893728864792
206,1.3746788358533784,11.01559361877427
207,1.8922378325191962,21.568940161142358
208,-2.194576117247997,-20.88783359869065
209,-1.7158763580608158,-19.693838024460796
210,-0.1576781935845428,-4.723882403249647
211,1.684998895987861,11.285572546176894
212,0.5458225269999775,2.079423123321894
213,-0.6132502258951872,-12.655190012691254
214,-1.9266293133224388,-20.228843801443745
215,-1.7592468152649543,-23.58177914950589
216,0.7591089621823897,-8.489627592819312
217,-0.310647427467183,-5.0909005103220455
218,0.273711193148104,0.8236309409471891
219,-0.9637958480292033,-4.600083456109461
220,-1.953240422279273,-26.314507915171255
221,0.9521134744383867,13.818185156383365
222,-2.6541531940040137,-26.077881868245836
223,1.3307678453513867,21.06559361264981
224,-0.5811955493746616,-4.749946270280378
225,0.46545969188838865,-4.626957225841773
226,0.656692165473193,5.006209045295085
227,-1.1057355992047726,-25.64563206743599
228,-1.0030665688195943,-15.982115967455204
229,1.6238413058447143,13.89970215880528
230,0.8788535850993335,18.52521108178318
231,-1.3494606247773049,-22.409263984963967
232,1.0967723026185847,2.3304646812376895
233,-0.6564139171249445,-7.159237736356645
234,-2.0117705040828846,-31.399926325145017
235,-0.9149989870614449,-10.093336629057772
236,1.249449624994052,16.033974362840645
237,-0.5303883510091263,-8.200252928433313
238,0.33281312523393114,0.2722075190639921
239,0.16421185318302675,-6.045812593733192
240,-1.3749485311236511,-18.476147386058106
241,-0.16700029427214028,-7.2773773655427165
242,-0.9635128499022007,-13.198073425044967
243,-0.23274112593048465,-9.482112281724788
244,-0.09047194370164192,-17.265526537355143
245,-0.8628876947716547,-11.266237083095458
246,-0.22146529523735026,-1.8905230192654474
247,0.9063316494101746,10.856817542120718
248,2.0565496204617055,26.396181427284674
249,-1.0108041829020147,-11.048510128976895
250,0.2769225383623894,6.665390399101804
251,0.26692165091319264,-6.778742175644016
252,-0.7971331753040638,-12.572210161287014
253,0.4368445521477577,7.111216639570928
254,1.6680573114900583,20.055554839295546
255,-0.23624445662876878,5.748826495192935
256,1.0548374632147342,21.369809332361875
257,-0.9123820123701136,-2.9773755776428263
258,1.1347925183676715,4.405076886659566
259,-1.3641643712011553,-14.637354307546996
260,-1.1047845114665131,-17.051306874137445
261,1.2832194084363178,12.642913728138243
262,1.1140443988152995,12.781515015235989
263,-0.0705171713835795,-6.848241460017733
264,-1.2115554404856876,-16.482131396739824
265,0.15803626419280573,8.829804983536814
266,0.566399955594429,-5.966349642671657
267,0.10391044488424488,10.323435484167062
268,-1.315733771415488,-3.983180016905157
269,0.642844950786603,4.776831854013899
270,0.4444193922748704,5.618497186295857
271,-0.7937530423321758,-15.164673755682935
272,0.0985353170667863,-1.8372631307401592
273,1.259710077358311,21.023694504084112
274,-0.13751633900668864,-2.5219506763420574
275,-0.41036789728940115,-6.160505249394115
276,0.6007777679550748,16.169389341391984
277,-0.885018996617036,-15.41762592362738
278,0.07954900190773223,-1.3231773731906165
279,-0.0482542658573237,1.1543129020837501
280,1.7998347193592088,18.162314032519234
281,-0.48877955749210056,0.33666675720625516
282,1.181011851824727,6.538083664552561
283,0.7268180286010842,11.080716190302685
284,0.027324520843467343,7.302638545840126
285,0.7107862692220223,3.1517759054538166
286,-0.22960343869839897,5.473015981556804
287,1.3839831373722453,20.47391961931671
288,0.7843994670714086,2.369999936481073
289,0.14510886803674133,-2.315966480803467
290,-0.011990635800385752,-4.97626441895794
291,1.3276212817750848,18.80167071989367
292,0.9382001361332061,11.753447274843689
293,-0.8246774388378564,-8.581457010850459
294,0.7238765178850549,8.086500529750628
295,-0.7348668206622881,-0.16267953065217888
296,-0.5963024341221423,-21.037451043902692
297,1.4256764209103119,19.81665634555313
298,-0.7715519156439595,-3.1046470775884316
299,-0.06657697034142931,-4.515052485940911
300,0.5861767552583753,-7.564019498520802
301,2.2643332792699056,12.8334894282338
302,0.46015445916723025,-1.9643130215311286
303,-0.35616066156390425,-7.291297799739415
304,-1.1547360477998887,-29.324793202632307
305,0.20487888379651156,-3.447789852285649
306,-0.9244037563176969,-19.6505976282248
307,-0.023090338608283183,4.84589223201366
308,-0.08242513645360568,0.9293550453813484
309,0.9435830626585657,9.448676124680835
310,0.9448733978501848,23.319380674892887
311,0.7851396514320531,4.490397638360479
312,1.78352732020689,24.302709568526897
313,1.8677167742197787,11.15746831445213
314,-0.4213912136462142,-1.0616533373257315
315,1.4322581547826874,12.256416566861965
316,-1.3439362352631008,-7.058784990526632
317,-0.2032845475909473,1.7060754828364746
318,0.34396271782595117,4.670263914495642
319,-0.348777599587578,-10.696730827964053
320,0.38257954093105023,-16.377289240051226
321,-0.8138410648829352,-4.1318642515268635
322,-0.5737898903623534,-4.172713897371082
323,3.4119265674291417,48.8956854629263
324,-1.0815030365916576,-8.566259442301686
325,0.6253334015194077,3.8435788795444568
326,0.12938699610141216,0.28418909183282426
327,0.25657729730774714,1.0410318286272382
328,-1.868438956536777,-14.996119363530912
329,-1.2684561838190165,-20.371482042751346
330,-0.3968479091918124,-5.873570915601036
331,1.065658430803613,19.981185243331176
332,0.7402289897689066,12.359431754014503
333,-0.034761172602509445,1.8577612912534123
334,1.265786798414633,15.089388769422676
335,-1.6614819951592337,-19.11956013936812
336,1.4641692745398611,20.359620378655617
337,0.4157454104297944,11.557987276768916
338,0.28733404542871005,0.5162934297027846
339,-0.6459343589760834,-26.8099760342547
340,0.8704022920953194,8.89786911046659
341,-1.0893741422859757,-15.789923562432705
342,0.6082623083493627,1.308645507190886
343,-1.1962248986687563,-12.13994624387782
344,-1.3329673093384038,-12.182983853371397
345,-0.0868646276416629,-1.102929355224042
346,-0.03619679685257887,0.48316413380398304
347,-0.5010503614880107,1.1352414822987829
348,0.2103020066525145,-2.0790844358152945
349,-1.6881197299278854,-22.42456537550669
350,-0.01525392348417099,9.048516288841814
351,0.5842913505759958,10.224406011045861
352,-0.6597603447447887,-11.71989044562525
353,-0.6609069353435089,-12.903257725909203
354,-0.2913228925368238,9.04438216110664
355,-0.6853751857917311,4.306725311146912
356,-0.39453806771321664,-1.1083079770349507
357,0.24967754909115458,-0.9049907213101767
358,-1.2394722745300506,-15.127812090788781
359,1.134137932345331,20.73748579994695
360,1.1248625443724614,13.627074185927937
361,0.7212323476467685,12.059669077531058
362,-0.6723211044563322,-9.990269125326936
363,-0.9476350076128359,-5.409199005456866
364,1.8868930930310177,22.79172867865293
365,-0.32816079691480526,-2.8933276758829187
366,-0.31641210727348196,-4.164933626777108
367,2.4960046597722236,9.819223928550858
368,-0.5301975982848673,-4.535977131298838
369,0.03985933172418248,-6.466730207165564
370,-0.30064220162895383,6.236216700283081
371,0.13436940907642286,-12.01962129332571
372,1.7918617138748076,21.703928327109153
373,-0.25348707889206606,-0.05367324277955543
374,-0.21464097592159015,2.698150817749703
375,-1.10527587972594,-18.404714689104637
376,-0.05797491090075197,-9.783781247994844
377,0.5715429902118244,13.000733400860675
378,-2.2551832868767017,-35.28068088740096
379,-1.939445359031756,-22.175036053923495
380,0.6375677815420863,-0.6942680406981969
381,0.9037357364479457,9.248341524654544
382,0.9071791935336143,15.112575299426254
383,0.020507268273604835,4.880994589115563
384,0.2833397978673418,5.3529116299727
385,-0.5532632737368912,-4.844830950732906
386,-1.191883511524325,-21.573075053107118
387,2.26068619737692,25.272959252564792
388,1.3160338329753662,17.797342103469795
389,-1.5590127076251108,-23.384816732701402
390,-0.40383643931231,-6.309361076293918
391,-0.58014279120132,-7.424413463739427
392,0.655346245580311,11.456177214260379
393,0.32115070938951545,-2.3588432736290192
394,0.9894530378630858,5.5720293027472865
395,1.3582224288910258,18.439987231301565
396,-0.6165707053610961,-3.206649267425486
397,-0.8317380156454454,-12.628429032544403
398,-0.7534805677899595,-4.891568828285384
399,0.6975178639622358,3.8792288109021613
400,0.08487208491868624,4.6438874521244005
401,0.27176352647932117,-1.2987428223435522
402,-2.3208959874308195,-21.09158526623238
403,0.0023858727843902496,7.222597840555858
404,-0.10800295392067596,-1.363511897885166
405,-0.011616847781708808,0.8687809758863445
406,1.7803290186739125,17.173600040821157
407,0.9417567379424756,14.303310792596651
408,-0.8296760731744258,-9.633465269371559
409,0.19193445110591198,6.502647109484517
410,0.011544600520764985,3.8068371723916137
411,-1.5064885080309425,-16.090972407893535
412,0.02414431387868847,-6.987684717299558
413,-1.0166957802620409,-10.365716870354088
414,-0.589948686406529,-13.616510129896954
415,-0.31706271025946076,-1.1225456991002436
416,-1.376144961811639,-14.813282804467647
417,0.3865493905414698,11.041701100722117
418,-0.2514557228639961,-5.719370841942492
419,-1.703739816703464,-11.6874469735745
420,0.5654031188480995,9.364381297770372
421,-0.07215158464015015,0.39238812821286195
422,0.19241363386836663,-4.208504715031861
423,-1.4348060358406893,-10.255083764177778
424,0.4651750971729521,0.754689224568728
425,-0.4461057635814868,9.784532245316822
426,-1.1577290272346823,-14.360743010356517
427,-0.07872445913952587,-7.229592181041842
428,2.6747153582985628,34.22739829966081
429,1.2726083838372364,13.144541970840915
430,0.37493049533734846,8.27058917923295
431,1.5479180532194943,18.78163991453429
432,-1.27701642007141,-8.294456456343443
433,0.820867519279574,7.366765595228861
434,-1.808101299590814,-15.833049983187733
435,-1.1558093230304043,-18.13141149224365
436,1.1604904332559949,9.224643915097111
437,-0.1347159089094488,-7.425823210240626
438,-1.332275925265505,-19.903734884377332
439,-0.11830820442933142,-5.864882813534003
440,0.8362229492470278,11.370268175797007
441,-1.428188710656545,-11.298134785089701
442,0.49436167449172846,0.5130998618921883
443,-1.2158612351285274,-7.7615074428110855
444,1.523403067736,23.525857694470435
445,1.4325204173851331,20.980802352234626
446,-1.0727267514805217,-9.084323015074535
447,-0.666853279931613,-6.7752143872737705
448,-0.2888212138418744,6.1364200544232315
449,-1.1907639584820118,-17.885303523179484
450,0.5106699614937344,6.018684739937895
451,0.07130499376914823,9.000955475723229
452,-0.6668159107179222,-13.724303791582017
453,-0.6427026600427445,-9.60535850454266
454,0.8575061232617998,11.057666912371378
455,-0.529451586205635,5.304757027141682
456,-1.2072383315703568,-7.466411852806461
457,1.2648636841165073,16.51651854544362
458,0.7415721055309299,4.7593480569354085
459,0.9178456512944542,6.563672072958921
460,-1.8659448211798593,-21.654915004621063
461,-0.11381422610988053,12.09027104204443
462,0.7213169310943349,5.27052997796789
463,-1.383611147029599,-7.154388419671427
464,-0.5268777458747663,-3.9043387645751277
465,1.9505210174252179,18.13506063034788
466,0.1775280037997849,10.489021694876222
467,-1.802542362448976,-21.08194399819152
468,-1.9312456748493865,-19.43723674909065
469,-0.6789188046965033,-8.092663435796055
470,0.07244701409043233,-0.008711288868239242
471,1.909733037326326,14.295292522258883
472,-0.2253490400749525,-2.973476800676453
473,0.7647372106296504,4.572286342237291
474,-1.4860923743783745,-12.683433892374023
475,-0.4344149580150249,-1.147469925376055
476,-0.24063981645393076,-7.188000109434999
477,-0.6576210274583699,-10.12254849502962
478,1.8094856121104603,20.214297808908892
479,0.6340774126779198,17.30678800100601
480,0.133408736031727,-3.742655191596886
481,1.3205329659253475,13.008977674750083
482,0.29766576624820246,7.799439839357085
483,-0.2698499645446114,6.759159583603791
484,0.27383164190543213,2.675572955632515
485,-0.9793738650084866,-16.197922815487814
486,-0.2134305022541347,0.3605877239837114
487,0.03577702222840342,6.232199438526045
488,1.4762426744158472,9.644610074479779
489,-1.8767564920078648,-7.041587807673551
490,0.3011881231643404,2.3982345700158088
491,-1.129316962616539,-17.555417611518386
492,0.2681337416138066,1.4495253425369816
493,-0.3747563591460057,6.227625952182703
494,-0.6502894159261223,2.119718131654113
495,0.8412941470019513,3.298653575324006
496,-0.49290742032774193,-3.8223399658213677
497,-1.6429242228514063,-17.23973964668472
498,0.06875419778492538,5.618017554132777
499,-1.0236744716492459,-3.9366428383979954
500,-0.46991861886641567,-5.0212096364809495
501,0.7323825692837366,7.316492445523425
502,0.6492129896978105,7.771605202119175
503,-0.8074287082550734,-4.496266796992529
504,1.522305650330762,18.066805381459456
505,-1.2919529363813378,-16.79173487427532
506,0.857132060076872,9.204779249355282
507,0.3407393181199593,10.076522857731945
508,0.7563875573816211,4.182893377172586
509,-0.044704054280849205,-3.691990974620757
510,0.9961968609145977,7.746002170290175
511,0.9962767545919772,8.879174868043926
512,-1.0054816840844705,-0.1769667649840354
513,1.1965287466552073,3.790266573002535
514,0.0632440816590659,3.788128172742762
515,1.2062728860727407,16.45386029052055
516,-0.3145887943953619,-1.6180644002594016
517,0.8563167933106068,13.751233059209577
518,-0.22360556897434447,4.498869280484362
519,0.39812414956507286,-4.072684089644666
520,0.2823313894414321,1.9488284477560733
521,-0.2511231280504163,-9.735433230371719
522,0.6394051583257693,13.625724510375733
523,-0.9114476030554584,-11.529470170018657
524,1.1068364877256154,8.287443929270015
525,-0.2600448486370076,-23.978009502622353
526,-0.5110356799844206,-2.4575678477173066
527,-0.9492991692175903,-10.974375069371062
528,-1.1216510648472675,-14.198495823641517
529,-0.421515186368912,-5.925728727358938
530,-0.02764142172157834,-3.033180628568579
531,-2.029193098292203,-30.413164185082376
532,0.7532369977756348,9.964621680359395
533,-0.19015059222063488,1.8886026505147018
534,-0.21201235518820444,-0.11063607767773442
535,-0.9496780883154423,-6.644082909677604
536,-0.04853894135095499,-4.832833173976682
537,1.2486973280487463,17.928658473164006
538,0.6072774405303303,12.55888932574619
539,0.19076902970198029,12.27341250576843
540,-1.462420834319056,-17.071798636071556
541,-0.9126373565521685,-5.633888737530647
542,-0.8903180197968308,-15.796480016430968
543,-0.19167222680909882,-5.396003036908484
544,0.7557711695354151,13.319587041933625
545,0.050923553004892534,0.6082223919311874
546,-0.05566660550562623,-2.9133452713737316
547,-1.9720737512143247,-27.263649335461352
548,0.8078105602066857,5.0125060871257405
549,0.38098163068663116,1.949286544314576
550,-0.8228844057765525,-14.03955011590499
551,-1.0873077385049486,-16.072180337482465
552,0.255261081315548,2.2208798261761866
553,-0.31414202386233103,-11.272226502961303
554,-1.9125600473061024,-13.761322420786462
555,1.6628657951254626,9.818870806551235
556,0.34619849452466955,1.37219793550097
557,-2.0744880436939432,-18.927979903959695
558,0.7444582037071523,8.961357172548231
559,0.35037404465293387,-6.527003667750398
560,-0.17672506440438804,-0.6618092546639931
561,0.30436537216119514,16.53259592646362
562,-0.2831224742494912,-13.309821106031656
563,0.09929162540955218,8.950061368516744
564,-1.4919416794596665,-17.440000311775027
565,-1.3869531106361663,-20.38880608773649
566,-3.2679542353701128,-47.61170672172577
567,-0.04152079585908033,-2.263720803477973
568,-1.1723124220684566,-12.249917620388372
569,0.024766766914636536,7.983172851508359
570,-0.5275229230707663,-7.385147693761521
571,1.3022976591039523,15.869755120343202
572,-0.27539551456790057,-2.8061783478448157
573,-1.4325939721992202,-17.66343705367691
574,-0.15186438079593884,-3.1614287090527924
575,-1.2532641536412208,-28.21837123969136
576,0.4806820954157736,-9.38052940105904
577,-0.5054790579391997,-22.61684894760331
578,-0.8827337218811404,-3.274273383060393
579,-0.2004742751684864,-1.4130975910373438
580,-1.1094374963896374,-21.385528844810857
581,1.3999453162507043,-1.144905828754256
582,0.9383635963435826,13.762404170771324
583,-1.2368391208429474,-8.178638028353294
584,0.4242476822686864,8.429437667236705
585,1.675229328499103,18.954236329289955
586,-0.8023615768882224,-15.937288849291654
587,-0.20826562226216006,0.6209209855126803
588,-1.960964560204236,-29.71201662431232
589,-0.1049479752951219,2.1766622280502803
590,0.1841293185699526,-6.610518737812631
591,-0.7093144596395549,2.2965432932761223
592,-0.5132956242893029,-11.578032127703555
593,0.46588639984944635,8.530242002207059
594,0.7678289657584983,2.3600899564528532
595,-0.7668458229404488,-13.399489493905861
596,0.3279683395143101,-7.3125893171898495
597,0.42291184501900375,8.432469576220281
598,0.3351169449644684,9.50709345765841
599,0.052017174118246474,4.641337665927101
600,-1.0818994863305902,-3.4298433833396533
601,0.41636537458043776,3.3708795547943295
602,-1.5004045103967323,-16.934788309892657
603,-0.9300608403246593,-2.920239158437174
604,-0.6463406836276183,3.095238544513407
605,0.062170627882186684,-4.674151606561882
606,-0.9892783675056606,-14.362209255038884
607,1.447768811497685,7.525719137933548
608,0.3528746464430162,1.649063463057971
609,1.231450858828765,18.61615401530947
610,0.6600741031525151,5.471613271425602
611,-0.40188129050729254,-5.43190813156194
612,0.910968861202115,14.335790978305456
613,0.7277907646929042,16.869395461014058
614,0.9532533629592987,13.259213656417497
615,-0.9896527277279675,-6.812399219093763
616,1.858074133528035,21.027354424071483
617,0.3379557572814631,6.6152183744566235
618,1.8562920091258497,19.941892236726222
619,-2.914680585958987,-37.57680479589057
620,-0.6017425983235031,-5.633282830695162
621,-1.254654121096983,-7.513702894282977
622,-0.012471113201207537,5.938020030222664
623,1.3816291875196738,15.827122577619239
624,0.1187629237805277,-2.6567762548106053
625,0.39230897821270133,3.039815843315647
626,-0.6709457396201065,-10.608430937492328
627,0.745011766056177,10.610680723259982
628,0.27478107342435687,0.17269786869366355
629,-1.1022390947190295,-15.62447667737553
630,-1.3812905056496063,-21.93429141183192
631,0.649876182910483,8.9816189867747
632,-0.5221232886703339,-9.433493631751553
633,-0.6564365474395689,-7.5260573298598805
634,-1.922055349850522,-16.111817954782744
635,1.1961861560484883,12.982333867748148
636,-0.7232559128529281,-15.59123387177257
637,-0.13011221475955292,-2.157415334905859
638,0.18720104736966114,5.915615233572422
639,-0.674340233441036,-2.947935073123955
640,-0.6874806222361789,-11.053552144123739
641,-0.12163985954346046,-12.361447452536021
642,-0.5644688896093476,-8.29071716679484
643,0.10584044681637679,11.95696514891905
644,0.6656019120842337,16.21903090097634
645,0.4374619070933675,-2.9884269228597446
646,-1.2516332461771893,-15.990453603403061
647,0.151813337941589,3.443547648224505
648,0.5568078479655597,2.007956801308115
649,0.8888391173434219,13.322597765713748
650,-0.4911090981166386,1.6461519956424882
651,-0.46594428469258736,-12.093645092275136
652,0.04078771238569194,-5.227967451776277
653,-0.9108787424957048,-17.396869767396332
654,1.7837837066381599,20.157006032581894
655,-0.39113151534441865,-11.1414870433386
656,-0.7219516187306765,-1.0927165056049022
657,1.2926409968178898,3.7110735581055536
658,0.22123478025552287,2.1222848739378084
659,-0.2200811742577583,-11.614262254910138
660,-0.17607135254219347,-5.99058811348523
661,0.283477223351897,-2.4579173612211056
662,0.7404591514215937,-3.0083026959938977
663,0.453272715799153,2.893507402760592
664,-1.3293538679543808,-11.982516289822106
665,-2.024739132391034,-19.604212639631058
666,-0.9400466028606208,-5.339924349112853
667,0.9279316802402556,1.9918290905002465
668,-0.9563329980732412,-11.522400772575498
669,-2.2663114632640116,-18.351910602372357
670,-0.41883125437145907,7.298111715525398
671,0.595818222284829,6.1833760246546765
672,-0.7720286812589142,-7.9337605944864364
673,-2.0341615296664504,-16.48855966053072
674,1.4181992212325827,17.654445408368698
675,-0.6764442420673289,-12.353648048039245
676,-0.44703412147925314,-5.446623662961834
677,-0.6030145779817246,0.693325738910052
678,-0.5870979048754663,-11.629360185096271
679,-1.7912751672973948,-20.778054654626843
680,0.07471605718408776,-1.4250618343358163
681,-0.6175805187765149,-3.1628684561483307
682,1.1870956594918702,12.290398288274744
683,1.5006092552166153,26.453205006064966
684,-0.3215821114691867,-3.5514268355195795
685,-0.5990681358989538,-12.615138264368294
686,-1.9400749026235395,-26.647747521861262
687,0.9925857457273594,-0.04726421584703111
688,0.1790117256454835,2.135045534210347
689,-0.34179661458891675,-0.7122438208599555
690,-0.4740901909275882,1.376200782071571
691,0.31041381212726127,0.6821994764746084
692,-0.8356445544427464,-18.984353168595952
693,-1.0550861273768646,-12.89520446640278
694,-0.5839337220925684,-6.356873195234924
695,-0.5719167516527344,-3.428672936714537
696,0.19650988791053758,6.017135879104487
697,1.1528303548257703,10.064705870902813
698,0.05679963676087968,5.75278098722948
699,-0.10234124326445454,4.3408216141043
700,-0.13429679445658346,-6.648036986821115
701,0.7992949921135832,6.769824941813582
702,-0.7517236175523024,-9.888101298447594
703,0.042526268795537454,-9.344316737184773
704,-1.0100782486018896,-13.790550970055657
705,0.03077444707120905,5.912472986288771
706,0.0512130515269501,5.285106641803183
707,0.8904538299772848,12.53275513095458
708,0.9955008284133473,-0.07715396264756436
709,-0.5840118261384715,-1.0765330298119729
710,0.4175718055108177,14.346393709497512
711,-1.3657661123608649,-20.612160633125715
712,-0.9236820460784174,-17.05533723430976
713,-0.5353782405943189,5.619332239299627
714,-0.7699239586454216,-5.952152901098588
715,0.4726367892899534,18.16072210719522
716,-1.0421057870238746,-20.244448842773643
717,0.7930934891643485,5.5029544315159
718,-1.4301141255230208,-18.495441208932235
719,-1.1576598246992014,-12.45971102567033
720,1.5841595429722843,8.660846425425724
721,0.4121730744437285,8.832889298957838
722,-1.0905100585933212,-18.245029674509333
723,0.6794734360321101,-0.818300714143466
724,0.8217413150464183,14.66487459401511
725,0.26425660775257187,0.6551406422364177
726,-0.8095723874407506,-8.420992386830287
727,-0.4640564225479048,-6.56399131529041
728,0.370875354211678,11.618748668647125
729,-0.44926857127072894,-9.706069774573978
730,0.13473894394118907,-1.0038181351569888
731,0.5897251438525819,11.817337079516555
732,0.2634029322361296,4.159091994910186
733,-0.03282893890131178,0.8384144608102568
734,-1.3176568941884022,-12.5925550949221
735,-1.4874645052049673,-11.017453806296153
736,0.8859864716580238,10.50827814011345
737,0.2928202650561681,7.7586984088584465
738,1.8551084511104057,23.72231954841682
739,1.8940578969101531,22.337971338374146
740,1.263828574488717,13.721045941730683
741,0.48066585654794247,7.208448208636174
742,-0.11790074073620485,-3.746083921015153
743,0.6529702282086867,-2.314949993347459
744,0.23823056321694552,4.887442317279085
745,-0.4229410211247611,1.853697671640771
746,0.47180585848103856,7.180948591535198
747,0.02844998288839729,-9.685849374474026
748,1.6622130770113408,20.61393390612536
749,1.1390167296003324,6.716961405066499
750,2.3568838361776634,29.405309703210197
751,1.4410540366240778,25.91357473393714
752,0.5043327763787776,4.436229306603675
753,-1.2709163504500005,-8.337664799458658
754,0.9270306315228489,10.002726946615962
755,-0.408460818923834,-5.380782755000796
756,-0.9038986779229957,-2.3955578848080705
757,-2.335752017856477,-28.720209600076608
758,0.9621897603215813,20.684115495613135
759,-0.6670637974232365,0.13086155163513258
760,-1.0891468634436017,-12.813101757655216
761,-0.2851287744800241,-8.791399459422085
762,-1.1781082098110276,-17.281793354492823
763,-0.1845584188189822,4.2341481546269435
764,-0.06537362422313459,-7.297241181906712
765,-0.9639835346049385,-9.28969334601988
766,-0.7699483989247785,-11.849135825333612
767,-0.910774431556941,-12.043571129199258
768,-1.4572307869116325,-20.120314036260858
769,0.8786756455018491,10.61111127845731
770,1.017351175512277,16.142566639820814
771,0.3172986022263283,-1.7059107201780144
772,-0.6037350206392071,-15.827099142700378
773,0.4301950983578086,3.924363324611055
774,-0.8577495090786442,-11.42749059345043
775,-1.4068575868513156,-18.261657103813707
776,-1.1782705190647347,-12.701951070973067
777,-1.1689500625073395,-18.225620762100473
778,0.2592985250273305,3.9481563850845713
779,0.3988476170483918,-1.6240888900131036
780,-0.8178277856053362,-5.205186661960357
781,-1.3174322472498814,-14.766666086194444
782,0.31635205402583044,9.733918864894505
783,0.14153466443959803,8.883805895040009
784,-0.02833159178931569,11.8648550290667
785,0.08351158918974647,2.69375302230687
786,-0.6194254945068873,-8.049485850001608
787,1.2683807469286164,6.363458324738756
788,0.16956477337377282,10.288084341229496
789,0.8390681821836143,12.726813983596532
790,0.1641685162170146,-1.6382636144397569
791,-1.146710065256159,-22.822678427384638
792,0.2610163146254486,-0.8774466707041908
793,-0.5362388191401894,-8.98926719500097
794,-0.48495145658183536,-3.665737566242913
795,0.27606734838251734,9.196427435771527
796,1.5994564844899029,26.119355403911364
797,1.3016571141081286,12.606069145151437
798,-0.7511274477435953,-8.30416534012093
799,0.027663578514787592,-15.114731792969899
800,0.3744750801127038,1.7058535561661063
801,-0.6175836673494378,-10.053714173943472
802,-0.25624937685081633,-13.031329191649709
803,-0.6313036292111947,-11.232550960323447
804,0.39372233834396286,0.7670662123274474
805,1.0912326122696931,11.288758592326724
806,1.2054242103091952,26.315378768638723
807,-0.3903437664164216,-2.2401299681339104
808,-0.6265131661576766,-10.567056890653362
809,-0.18128543355653962,-10.980767974418892
810,-1.1320958958217804,-12.991647978216672
811,0.20911657512590393,-10.840495517852245
812,1.2382884158142018,3.558051499966661
813,0.8349206068273304,6.995669199338892
814,1.2693513085311305,13.136504912895791
815,0.46024718235353357,8.322030420701562
816,-0.0612538970402401,-0.679058535336291
817,0.5333611058193409,7.513491355984103
818,0.7025964039079121,11.670165369635686
819,-0.6949185691018345,-21.8344181298149
820,1.346564347582553,26.303922173596895
821,-0.8573202658636696,-1.2127691309564739
822,1.0714751786939074,7.722951011113662
823,0.9709222238569251,14.70873808320773
824,-1.5239500665132837,-15.78747117543723
825,-0.23155167096534215,-10.289499093117787
826,0.26235385838257336,-0.984576329068239
827,1.5225709161033392,21.750183612713187
828,0.6666634010683409,8.308449467767147
829,0.4304748939958657,6.797354511967443
830,0.6516127788177362,-2.831518376488101
831,-0.26722213071449,-5.270213179789556
832,-1.39826257639422,-14.626554613527649
833,1.630159091606909,17.053156491437623
834,1.1272594523769741,16.300717213269753
835,1.607549722839651,2.587319049799305
836,0.4093689933724402,5.716694443460204
837,1.0527419774119502,14.283244278539016
838,-0.13248278819955,0.9437971327491734
839,-1.3983906239141433,-15.187107852412264
840,-0.1669077339815366,-6.807876562166365
841,-0.44622224441841374,-0.6254243107660233
842,-1.7024460063841487,-18.98464382158813
843,0.4455051369914544,4.048081481422319
844,-0.3903239444080554,-1.6351486563424795
845,0.7026627345043847,4.192492567401425
846,-0.6975276948724872,3.109281879966253
847,0.9596761251231165,7.7702305275655466
848,-0.18066055037617607,-13.685204186392776
849,-1.177182804216993,-23.172004252092197
850,0.9746246181867388,12.986767504082724
851,-1.0064474824728193,-6.1238451801723
852,0.4932537489128645,3.0891099581565378
853,1.1536500839165122,4.461524134055114
854,2.978556887150808,41.19661191021845
855,-1.8265775354152434,-15.130800624295146
856,-0.5516607787241984,-8.908436042090116
857,-0.41213512304084143,-6.909907840831249
858,0.9818415000305026,-4.7329797277572165
859,0.023854677068713106,-14.016434397829766
860,0.07290980854676157,2.676937924164013
861,-0.05114823760645348,11.81240932462187
862,-0.5676560441561973,-1.6598593757632152
863,-0.2795702328427634,2.686493925631888
864,1.1101343250452247,20.69599910295513
865,0.2963387012749892,1.5659269665042839
866,1.3121844104796732,22.143970815299088
867,2.4180070023255995,29.649751358386105
868,1.1944816597032724,11.80297972116403
869,0.7324264049768902,1.29563318511366
870,0.052876492546375026,3.2901787540510674
871,-1.484710917212703,-24.143209492437663
872,-0.6633823743408769,-14.186164096266104
873,0.5019207222738403,3.266092774559944
874,-0.4302891631046434,-3.339523365989282
875,-0.7682671159596665,-8.565033622918357
876,-0.28154859655523623,-10.526539744898818
877,-0.22596462134227682,2.7005165715800756
878,-0.8344637409082788,-20.84711520172857
879,0.4908389166149382,3.0960790905204565
880,-0.6400044203368369,-0.2215558654024461
881,-0.45647855616240585,6.800406185336867
882,0.23819955079587785,6.301487089186585
883,0.6054292004878683,2.9099651456942235
884,-0.741584300766236,-2.001986622446293
885,-1.987226512817047,-16.28088295361519
886,-0.017136480506551154,-6.0312423361129
887,0.40924248922592193,12.555678400795003
888,-2.803792091350588,-34.53461490515488
889,0.37736436832487585,5.352498028745106
890,-1.0018738010286703,-22.0598921396123
891,-0.48691980425361064,-2.4402843345583918
892,-0.07958292195309377,-3.2711637989901807
893,0.08926746879568051,-7.511181998047025
894,-0.69125980220897,0.2514947106057601
895,1.4671662614064545,18.05640850123545
896,1.7735027667878667,24.800490117944047
897,-2.2753687635335007,-26.964646116016187
898,0.7677187816628268,16.059931175858114
899,0.376931250300401,9.22897356381377
900,0.056959001077009845,0.4998103612679341
901,0.7866378058223312,17.096022545078885
902,-0.27135535961984586,-6.708071580845013
903,-1.3235683616862979,-12.38180337676753
904,0.5072240083258394,-10.570477193536597
905,0.2252762928051947,-1.2180481814571453
906,-1.6802312706515603,-13.409105289212537
907,-2.313966877041766,-35.64248989193778
908,0.05504342825460713,-2.695034662409488
909,1.5276930922021879,16.636909142208008
910,-1.2578339773526532,-10.672524319966026
911,-0.8994374226116516,-8.94696210332872
912,1.56852931508577,20.076544155719336
913,-1.1022104897255502,-7.711046573552407
914,-0.5777935103025492,-12.02358530303072
915,0.09559739693190701,1.6189528017611114
916,-0.6898296348385548,-0.9622848307417176
917,-0.8065265731107044,-10.618945569208817
918,-0.5225431865698751,-3.950559782672997
919,0.4608297224727033,2.021110875936216
920,-0.05873451015723855,4.045083959296605
921,-1.7791582050405483,-10.631739666399643
922,-1.3168781435164358,-12.03701605114649
923,2.1747363002711704,31.280403828353563
924,0.5475867606920747,8.019603311402294
925,0.7731083665567802,9.879235067395287
926,-0.2740555762059798,0.46630482939443185
927,0.3208440641905847,-7.200811167500516
928,0.908490683718748,6.3268180355691115
929,-1.1517293755852092,-17.56639120810785
930,0.41508061701622057,2.287168369900805
931,-0.6973439504960711,-2.9304140440510347
932,-0.8332735091151265,-8.33066887210346
933,-0.9042911450514478,-0.4329057942319636
934,1.62065972663751,10.039984629128696
935,-0.7797704919467195,-12.122021680067332
936,-0.5105883937750986,-7.03126813976489
937,0.8054062258273929,11.810292134551831
938,-0.6426572490084455,-4.558130247385626
939,0.2611982939281339,11.497753424098207
940,0.8725454669736084,1.943124589435957
941,-0.2461277606978984,-3.1289205246454688
942,-0.09804100992020828,11.340098673855103
943,-0.389782030484474,-2.426282314113619
944,-0.037616137943442936,9.71030365246289
945,0.7534261053526425,10.93040690009352
946,-1.3205682111104675,-12.299643361340014
947,0.9257866400087369,15.078963625049584
948,-1.0392579281954994,-13.028047677235438
949,-2.3459272693199336,-22.518242327206373
950,1.1121440950620292,9.06981351485197
951,-0.353543449375687,-8.361901973239078
952,-0.12433131585258853,-4.51971484214155
953,0.6475726521107221,7.926473626938094
954,-0.3475004809147756,1.9420642915826214
955,0.4253516209821732,-3.790251566580503
956,-1.6061196043879666,-10.377034043094437
957,-0.3942165906916872,-1.136961777000554
958,-1.185876948867236,-15.29346833908426
959,-0.05885506055259275,-6.887706880988874
960,0.7690788985433893,-1.1722460029914838
961,0.27980873000556744,3.2057634593517865
962,-1.0268054864446168,0.6876404840746524
963,1.3038641090519438,17.754603313585584
964,0.8454190598470313,4.108225328226964
965,1.5002487252004642,22.338418425201873
966,1.3436173805402083,23.93236235302605
967,-0.37068571824817953,5.708777035147806
968,0.2555684671871505,-9.59163020510397
969,-0.26125738999764925,-11.685062284538624
970,-0.7267559297239442,-5.050849237315976
971,0.37084937653638533,1.9096028899220392
972,-0.783097562519842,-7.859795234015819
973,0.7056472884032006,6.741558899756351
974,1.3699976642781453,16.766200065846952
975,0.6919141829451879,8.06640273294821
976,-0.36760633574694984,-0.2825321322163008
977,-0.6802690305013973,-8.004347795009899
978,0.9728556880825084,1.3435739099201829
979,1.0248106281923186,5.511172289103454
980,-0.4927273871165858,-11.328266221299073
981,-0.10002711160357074,-7.692895739353678
982,1.1050206384238097,13.009493217098894
983,-0.14918505965816392,-4.547505793201062
984,0.3012417030957784,7.055542143320122
985,1.08862032670791,10.235136514090165
986,-0.9876861439503207,-11.38989722002325
987,1.289348480249621,11.753942448580966
988,0.777358125711588,-4.353635733129169
989,0.8253148885862681,21.395275296103268
990,0.3919231557677987,-0.8085993188905825
991,-0.010587232672372174,-4.86856356388006
992,0.813374517060735,2.049462098629858
993,0.9159570897181546,14.148725580945403
994,0.8935731829649812,9.290095469237457
995,1.2711174939111982,15.792642249102716
996,-0.07647800452021246,-6.718423980718054
997,0.02812044629158973,-1.0122731454421936
998,0.623617281263808,5.547154589373772
999,-0.6865330087667967,-9.920978101498356
